"ProductID","ProductName","SupplierID","CategoryID","Price"
"1","Select Mixer 1","46","14","11,43"
"2","Pure Crunch 2","26","9","12,57"
"3","Eco Sauce 3","9","13","13,05"
"4","Eco Snack 4","1","12","14,54"
"5","Bright Sauce 5","43","4","15,36"
"6","Bright Widget 6","12","13","16,89"
"7","Deluxe Blend 7","14","8","17,63"
"8","Eco Bar 8","39","5","18,78"
"9","Deluxe Cream 9","7","9","19,7"
"10","Fresh Blend 10","9","1","20,48"
"11","Quick Crunch 11","28","3","21,98"
"12","Deluxe Juice 12","33","6","22,42"
"13","Ultra Juice 13","21","7","23,34"
"14","Deluxe Serum 14","42","10","24,95"
"15","Select Cream 15","22","3","25,96"
"16","Select Juice 16","24","11","26,16"
"17","Pure Mixer 17","27","13","27,71"
"18","Quick Cleanser 18","44","6","28,32"
"19","Max Widget 19","44","8","29,38"
"20","Classic Cream 20","16","1","30,76"
"21","Pure Granola 21","45","5","31,81"
"22","Smart Juice 22","21","14","32,3"
"23","Quick Sauce 23","9","4","33,32"
"24","Smart Snack 24","20","10","34,27"
"25","Power Granola 25","41","10","35,44"
"26","Deluxe Bar 26","2","12","36,72"
"27","Classic Serum 27","9","4","37,22"
"28","Pro Cream 28","7","12","38,26"
"29","Pure Juice 29","20","12","39,48"
"30","Ultra Widget 30","27","5","40,42"
"31","Quick Cream 31","28","10","41,04"
"32","Pro Mixer 32","11","8","42,22"
"33","Pro Bar 33","39","12","43,81"
"34","Max Blend 34","44","6","44,51"
"35","Bright Blend 35","10","2","45,71"
"36","Fresh Blend 36","3","9","46,69"
"37","Ultra Cleanser 37","25","15","47,78"
"38","Ultra Tablet 38","49","1","48,02"
"39","Pure Bar 39","28","12","49,18"
"40","Quick Sauce 40","19","8","50,87"
"41","Smart Cream 41","44","7","51,2"
"42","Pure Sauce 42","49","5","52,28"
"43","Prime Biscuit 43","22","12","53,06"
"44","Eco Granola 44","11","1","54,12"
"45","Ultra Granola 45","26","4","55,3"
"46","Bright Blend 46","12","14","56,91"
"47","Max Juice 47","12","10","57,09"
"48","Ultra Tablet 48","29","7","58,53"
"49","Classic Blend 49","40","9","59,18"
"50","Power Biscuit 50","24","13","60,12"
"51","Max Blend 51","44","8","61,89"
"52","Pure Bar 52","32","13","62,57"
"53","Prime Juice 53","17","13","63,05"
"54","Eco Granola 54","7","6","64,92"
"55","Essential Blend 55","41","11","65,77"
"56","Deluxe Cleanser 56","47","13","66,72"
"57","Fresh Blend 57","7","14","67,4"
"58","Essential Crunch 58","11","3","68,03"
"59","Bright Tablet 59","23","5","69,55"
"60","Smart Tablet 60","15","6","70,44"
"61","Pure Sauce 61","22","10","71,28"
"62","Smart Serum 62","40","1","72,19"
"63","Essential Sauce 63","13","7","73,97"
"64","Quick Cleanser 64","44","5","74,25"
"65","Essential Snack 65","41","2","75,18"
"66","Deluxe Tablet 66","37","12","76,71"
"67","Ultra Mixer 67","23","8","77,04"
"68","Select Granola 68","25","12","78,01"
"69","Power Mixer 69","5","6","79,58"
"70","Pro Blend 70","32","1","80,82"
"71","Bright Juice 71","41","4","81,09"
"72","Select Tablet 72","10","2","82,69"
"73","Max Mixer 73","28","2","83,62"
"74","Pro Biscuit 74","49","11","84,02"
"75","Max Mixer 75","26","2","85,98"
"76","Essential Tablet 76","11","6","86,34"
"77","Max Serum 77","34","3","87,39"
"78","Power Tablet 78","12","7","88,7"
"79","Max Juice 79","7","9","89,42"
"80","Quick Tablet 80","18","1","90,49"
"81","Smart Bar 81","14","13","91,24"
"82","Essential Granola 82","5","11","92,79"
"83","Pure Blend 83","41","2","93,59"
"84","Prime Juice 84","2","5","94,58"
"85","Select Widget 85","24","2","95,99"
"86","Power Sauce 86","31","6","96,28"
"87","Select Biscuit 87","14","14","97,11"
"88","Max Bar 88","26","13","98,99"
"89","Classic Granola 89","27","4","99,13"
"90","Essential Serum 90","32","3","100,23"
"91","Essential Blend 91","25","12","101,87"
"92","Bright Granola 92","11","4","102,59"
"93","Pure Snack 93","15","15","103,77"
"94","Pro Crunch 94","43","10","104,76"
"95","Essential Juice 95","2","1","105,98"
"96","Prime Serum 96","34","12","106,38"
"97","Power Mixer 97","34","12","107,03"
"98","Classic Blend 98","13","13","108,57"
"99","Deluxe Serum 99","44","5","109,07"
"100","Select Blend 100","16","10","110,24"
"101","Select Bar 101","18","8","111,63"
"102","Ultra Serum 102","41","7","112,26"
"103","Pure Widget 103","7","15","113,4"
"104","Pure Blend 104","16","1","114,53"
"105","Fresh Granola 105","13","6","115,07"
"106","Pure Granola 106","13","2","116,65"
"107","Smart Tablet 107","50","15","117,08"
"108","Classic Cleanser 108","40","9","118,72"
"109","Smart Sauce 109","1","4","119,02"
"110","Bright Cleanser 110","29","8","120,53"
"111","Quick Crunch 111","2","13","121,33"
"112","Ultra Crunch 112","29","10","122,7"
"113","Prime Blend 113","29","12","123,95"
"114","Essential Widget 114","29","12","124,66"
"115","Quick Cream 115","35","14","125,27"
"116","Select Blend 116","26","6","126,4"
"117","Ultra Widget 117","17","12","127,94"
"118","Fresh Widget 118","13","14","128,58"
"119","Essential Tablet 119","25","2","129,22"
"120","Classic Serum 120","25","3","130,07"
"121","Eco Widget 121","2","2","131,96"
"122","Quick Cream 122","10","3","132,1"
"123","Max Blend 123","26","3","133,08"
"124","Classic Tablet 124","31","11","134,79"
"125","Pure Snack 125","26","3","135,55"
"126","Bright Biscuit 126","26","2","136,08"
"127","Ultra Crunch 127","34","2","137,83"
"128","Pro Widget 128","16","9","138,63"
"129","Eco Serum 129","48","6","139,55"
"130","Select Snack 130","16","10","140,68"
"131","Ultra Crunch 131","19","2","141,53"
"132","Fresh Cleanser 132","21","4","142,74"
"133","Essential Sauce 133","45","1","143"
"134","Prime Cream 134","1","14","144,02"
"135","Max Mixer 135","34","14","145,7"
"136","Ultra Blend 136","7","12","146,22"
"137","Prime Widget 137","43","11","147,68"
"138","Prime Bar 138","8","1","148,17"
"139","Select Cleanser 139","19","14","149,44"
"140","Quick Biscuit 140","46","7","150,55"
"141","Ultra Cleanser 141","5","2","151,03"
"142","Eco Crunch 142","36","12","152,42"
"143","Essential Snack 143","4","9","153,18"
"144","Quick Tablet 144","32","7","154,78"
"145","Eco Biscuit 145","2","1","155,77"
"146","Deluxe Juice 146","7","1","156,09"
"147","Ultra Blend 147","14","14","157,59"
"148","Prime Cream 148","32","11","158,2"
"149","Select Bar 149","8","9","159,34"
"150","Pure Bar 150","19","14","160,64"
"151","Select Blend 151","30","10","161,86"
"152","Deluxe Juice 152","3","7","162,94"
"153","Pure Cleanser 153","23","10","163,93"
"154","Pro Snack 154","8","2","164,59"
"155","Fresh Cream 155","39","10","165,17"
"156","Deluxe Granola 156","2","5","166,52"
"157","Essential Sauce 157","33","3","167,67"
"158","Eco Blend 158","32","8","168,93"
"159","Eco Crunch 159","48","9","169,71"
"160","Pure Blend 160","29","10","170,09"
"161","Deluxe Serum 161","27","3","171,65"
"162","Smart Snack 162","3","1","172,2"
"163","Classic Crunch 163","7","12","173,39"
"164","Pro Tablet 164","7","14","174,42"
"165","Quick Cream 165","16","6","175,83"
"166","Select Widget 166","1","2","176,17"
"167","Max Widget 167","12","4","177,3"
"168","Pure Cleanser 168","17","12","178,61"
"169","Deluxe Blend 169","12","2","179,8"
"170","Smart Sauce 170","20","5","180,41"
"171","Pure Widget 171","23","9","181,19"
"172","Smart Juice 172","4","3","182,19"
"173","Select Granola 173","49","15","183,1"
"174","Classic Granola 174","19","2","184,07"
"175","Pro Cream 175","13","15","185,85"
"176","Smart Widget 176","44","5","186,98"
"177","Bright Biscuit 177","9","4","187,09"
"178","Power Crunch 178","37","13","188,48"
"179","Fresh Bar 179","7","7","189,66"
"180","Deluxe Crunch 180","16","1","190,93"
"181","Eco Granola 181","18","5","191,41"
"182","Ultra Cleanser 182","48","6","192,23"
"183","Power Sauce 183","40","8","193,66"
"184","Quick Biscuit 184","13","2","194,36"
"185","Deluxe Bar 185","5","4","195,61"
"186","Deluxe Sauce 186","10","9","196,26"
"187","Pro Snack 187","23","5","197,4"
"188","Classic Granola 188","18","6","198,23"
"189","Pure Mixer 189","37","15","199,72"
"190","Classic Crunch 190","1","3","200,18"
"191","Power Mixer 191","23","3","201,21"
"192","Deluxe Crunch 192","46","3","202,28"
"193","Eco Cleanser 193","23","6","203,45"
"194","Eco Blend 194","33","11","204,29"
"195","Bright Sauce 195","4","4","205,65"
"196","Power Sauce 196","7","11","206,73"
"197","Max Cleanser 197","10","11","207,8"
"198","Bright Juice 198","12","6","208,52"
"199","Fresh Snack 199","30","5","209,41"
"200","Smart Bar 200","31","13","10,78"
"201","Bright Granola 201","36","7","11,61"
"202","Eco Blend 202","44","13","12,47"
"203","Eco Snack 203","5","12","13,42"
"204","Classic Sauce 204","5","1","14,66"
"205","Pro Granola 205","7","13","15,94"
"206","Quick Sauce 206","24","8","16,15"
"207","Ultra Juice 207","42","12","17,87"
"208","Quick Snack 208","10","8","18,62"
"209","Essential Bar 209","10","13","19,82"
"210","Prime Biscuit 210","14","12","20,14"
"211","Prime Cream 211","25","11","21,36"
"212","Select Tablet 212","43","10","22,77"
"213","Pure Cleanser 213","45","13","23,12"
"214","Classic Bar 214","31","2","24,54"
"215","Prime Cream 215","13","15","25,36"
"216","Prime Blend 216","34","15","26,77"
"217","Ultra Tablet 217","36","4","27,01"
"218","Fresh Snack 218","20","14","28,38"
"219","Prime Juice 219","24","5","29,05"
"220","Prime Blend 220","27","14","30,89"
"221","Max Widget 221","17","1","31,33"
"222","Pro Cream 222","23","12","32,19"
"223","Fresh Biscuit 223","25","11","33,46"
"224","Essential Sauce 224","45","8","34,77"
"225","Prime Blend 225","24","3","35,64"
"226","Power Snack 226","35","12","36,02"
"227","Deluxe Blend 227","22","11","37,04"
"228","Classic Crunch 228","25","5","38,08"
"229","Max Cream 229","10","11","39,34"
"230","Power Sauce 230","27","14","40,34"
"231","Pro Blend 231","6","4","41,79"
"232","Max Biscuit 232","34","8","42,31"
"233","Power Blend 233","6","8","43,34"
"234","Ultra Mixer 234","2","4","44,27"
"235","Bright Biscuit 235","6","5","45,21"
"236","Eco Cream 236","41","8","46,01"
"237","Power Biscuit 237","1","3","47,88"
"238","Essential Snack 238","30","2","48,17"
"239","Power Blend 239","44","4","49,73"
"240","Max Blend 240","8","6","50,59"
"241","Pure Crunch 241","30","10","51,24"
"242","Smart Tablet 242","24","2","52,93"
"243","Smart Sauce 243","16","7","53,13"
"244","Classic Crunch 244","35","3","54,79"
"245","Quick Sauce 245","40","15","55,82"
"246","Select Cream 246","49","8","56,67"
"247","Smart Snack 247","13","14","57,01"
"248","Quick Snack 248","22","10","58,61"
"249","Max Mixer 249","20","4","59,47"
"250","Pure Biscuit 250","2","1","60,12"
"251","Classic Cleanser 251","10","13","61,35"
"252","Pro Granola 252","40","7","62,7"
"253","Essential Biscuit 253","20","8","63"
"254","Essential Serum 254","11","10","64,12"
"255","Essential Granola 255","7","13","65,47"
"256","Max Blend 256","3","4","66,36"
"257","Pro Cleanser 257","47","5","67,7"
"258","Select Mixer 258","19","7","68,98"
"259","Max Cream 259","35","10","69,59"
"260","Quick Bar 260","16","8","70,44"
"261","Eco Snack 261","3","10","71,13"
"262","Smart Sauce 262","1","3","72,98"
"263","Essential Widget 263","34","8","73,93"
"264","Smart Tablet 264","48","5","74,04"
"265","Power Mixer 265","23","11","75,13"
"266","Eco Cleanser 266","49","2","76,97"
"267","Essential Juice 267","41","11","77"
"268","Pure Juice 268","28","12","78,54"
"269","Eco Cream 269","12","1","79,28"
"270","Pro Biscuit 270","15","4","80,59"
"271","Ultra Serum 271","45","4","81,91"
"272","Fresh Snack 272","15","6","82,57"
"273","Smart Bar 273","19","12","83,89"
"274","Classic Crunch 274","7","2","84,45"
"275","Smart Tablet 275","48","9","85,92"
"276","Pure Biscuit 276","49","12","86,47"
"277","Eco Crunch 277","19","2","87,89"
"278","Eco Juice 278","50","9","88,67"
"279","Eco Mixer 279","17","9","89,32"
"280","Max Cleanser 280","22","14","90,61"
"281","Max Widget 281","7","5","91,64"
"282","Smart Snack 282","8","15","92,6"
"283","Essential Crunch 283","28","11","93,59"
"284","Deluxe Serum 284","46","3","94,91"
"285","Power Bar 285","40","6","95,75"
"286","Pure Granola 286","48","13","96,14"
"287","Select Widget 287","16","11","97,64"
"288","Deluxe Serum 288","3","3","98,12"
"289","Deluxe Cream 289","41","4","99,25"
"290","Pro Snack 290","33","15","100,39"
"291","Classic Crunch 291","3","7","101,01"
"292","Ultra Granola 292","16","11","102,48"
"293","Eco Biscuit 293","6","1","103,42"
"294","Select Cleanser 294","33","14","104,29"
"295","Pure Crunch 295","8","2","105,24"
"296","Ultra Mixer 296","24","9","106,11"
"297","Pure Cream 297","35","7","107,2"
"298","Classic Tablet 298","49","1","108,68"
"299","Essential Mixer 299","8","13","109,98"
"300","Eco Cream 300","13","15","110,58"
"301","Pro Blend 301","45","13","111,4"
"302","Select Widget 302","10","4","112,45"
"303","Eco Serum 303","35","5","113,32"
"304","Fresh Cream 304","20","13","114,57"
"305","Select Mixer 305","27","9","115,26"
"306","Quick Serum 306","19","8","116,05"
"307","Smart Juice 307","16","6","117,41"
"308","Bright Blend 308","20","15","118,17"
"309","Quick Sauce 309","35","13","119,35"
"310","Quick Blend 310","18","4","120,99"
"311","Power Sauce 311","27","12","121,26"
"312","Prime Widget 312","41","12","122,63"
"313","Max Cleanser 313","48","2","123,33"
"314","Power Crunch 314","13","14","124,08"
"315","Pure Snack 315","16","2","125,69"
"316","Pro Cream 316","39","7","126,95"
"317","Deluxe Cream 317","31","7","127,52"
"318","Power Sauce 318","8","11","128,24"
"319","Max Biscuit 319","1","3","129,29"
"320","Ultra Sauce 320","14","6","130,81"
"321","Smart Tablet 321","9","9","131,56"
"322","Prime Cream 322","45","12","132,5"
"323","Bright Granola 323","18","12","133,75"
"324","Pure Serum 324","46","15","134,3"
"325","Ultra Blend 325","46","7","135,91"
"326","Select Granola 326","17","5","136,24"
"327","Ultra Snack 327","7","12","137,38"
"328","Max Granola 328","48","14","138,1"
"329","Prime Juice 329","13","13","139,8"
"330","Essential Widget 330","10","1","140,35"
"331","Bright Blend 331","16","14","141,6"
"332","Pro Tablet 332","26","11","142,33"
"333","Select Cream 333","11","13","143,55"
"334","Ultra Juice 334","23","11","144,94"
"335","Quick Blend 335","35","14","145,39"
"336","Power Cleanser 336","9","1","146,19"
"337","Deluxe Serum 337","33","12","147,87"
"338","Smart Snack 338","50","7","148,19"
"339","Classic Snack 339","41","3","149,38"
"340","Fresh Bar 340","23","11","150,04"
"341","Essential Crunch 341","29","9","151,76"
"342","Smart Bar 342","20","15","152,24"
"343","Pro Snack 343","35","14","153,36"
"344","Quick Juice 344","42","12","154,12"
"345","Classic Blend 345","35","15","155,55"
"346","Eco Serum 346","48","11","156,58"
"347","Bright Snack 347","42","13","157,01"
"348","Pure Juice 348","28","6","158,03"
"349","Deluxe Cream 349","50","11","159,87"
"350","Fresh Crunch 350","8","13","160,96"
"351","Deluxe Blend 351","7","8","161,87"
"352","Prime Bar 352","24","12","162,86"
"353","Max Tablet 353","33","1","163,44"
"354","Classic Widget 354","10","9","164,78"
"355","Classic Granola 355","25","7","165,91"
"356","Deluxe Blend 356","39","10","166,86"
"357","Pure Tablet 357","36","15","167,13"
"358","Essential Juice 358","47","8","168,54"
"359","Pro Sauce 359","50","11","169,84"
"360","Bright Tablet 360","1","14","170,76"
"361","Ultra Serum 361","34","7","171,07"
"362","Deluxe Bar 362","36","1","172,26"
"363","Prime Bar 363","42","11","173,33"
"364","Essential Granola 364","1","13","174,14"
"365","Pure Serum 365","48","2","175,65"
"366","Max Tablet 366","15","11","176,65"
"367","Max Blend 367","47","8","177,41"
"368","Select Serum 368","13","14","178,39"
"369","Power Snack 369","32","13","179,25"
"370","Bright Biscuit 370","40","4","180,06"
"371","Ultra Crunch 371","38","14","181,77"
"372","Select Juice 372","32","1","182,49"
"373","Classic Blend 373","17","5","183,83"
"374","Pro Cream 374","30","10","184,78"
"375","Fresh Tablet 375","36","7","185,83"
"376","Smart Biscuit 376","9","14","186,41"
"377","Fresh Tablet 377","28","8","187,77"
"378","Deluxe Cleanser 378","19","9","188,05"
"379","Prime Sauce 379","4","8","189,63"
"380","Smart Cream 380","39","12","190,42"
"381","Quick Blend 381","5","8","191,87"
"382","Quick Blend 382","50","13","192,26"
"383","Pure Snack 383","45","5","193,13"
"384","Bright Cleanser 384","30","8","194,75"
"385","Power Cleanser 385","45","9","195,67"
"386","Pure Serum 386","14","5","196,05"
"387","Essential Snack 387","38","15","197,65"
"388","Ultra Cleanser 388","43","15","198,79"
"389","Ultra Granola 389","19","2","199,07"
"390","Pure Cleanser 390","41","1","200,65"
"391","Power Granola 391","38","1","201,12"
"392","Ultra Juice 392","4","7","202,85"
"393","Smart Blend 393","38","15","203,7"
"394","Eco Crunch 394","9","9","204,17"
"395","Prime Sauce 395","30","6","205,56"
"396","Quick Sauce 396","32","9","206,02"
"397","Pure Blend 397","43","8","207,05"
"398","Max Juice 398","46","2","208,43"
"399","Quick Mixer 399","29","15","209,3"
"400","Max Mixer 400","12","4","10,37"
"401","Power Sauce 401","32","11","11,96"
"402","Select Blend 402","43","9","12,53"
"403","Fresh Crunch 403","3","3","13,39"
"404","Classic Widget 404","35","15","14,51"
"405","Prime Granola 405","46","2","15,48"
"406","Deluxe Serum 406","4","12","16,87"
"407","Classic Tablet 407","1","3","17"
"408","Ultra Blend 408","43","1","18,48"
"409","Bright Sauce 409","29","9","19,44"
"410","Prime Blend 410","7","15","20,94"
"411","Bright Juice 411","15","4","21,93"
"412","Essential Tablet 412","36","15","22,74"
"413","Power Bar 413","30","3","23,71"
"414","Deluxe Blend 414","29","8","24,98"
"415","Prime Mixer 415","27","13","25,17"
"416","Power Sauce 416","7","10","26,37"
"417","Max Cream 417","9","4","27,68"
"418","Smart Crunch 418","37","7","28,94"
"419","Deluxe Mixer 419","29","10","29,99"
"420","Pure Serum 420","40","1","30,16"
"421","Deluxe Granola 421","34","8","31,75"
"422","Pure Juice 422","16","5","32,41"
"423","Prime Serum 423","44","1","33,02"
"424","Smart Cleanser 424","37","4","34,91"
"425","Prime Cleanser 425","25","2","35,3"
"426","Pure Cream 426","44","8","36,5"
"427","Bright Cleanser 427","44","7","37,65"
"428","Bright Sauce 428","6","2","38,73"
"429","Power Bar 429","12","6","39,32"
"430","Select Crunch 430","18","15","40,11"
"431","Eco Sauce 431","22","5","41,67"
"432","Bright Tablet 432","34","14","42,37"
"433","Fresh Widget 433","11","13","43,73"
"434","Pure Mixer 434","31","1","44,03"
"435","Pro Sauce 435","39","7","45,28"
"436","Eco Sauce 436","9","12","46,3"
"437","Deluxe Cleanser 437","30","10","47,33"
"438","Fresh Widget 438","31","10","48,82"
"439","Deluxe Crunch 439","10","13","49,74"
"440","Fresh Serum 440","43","1","50,07"
"441","Power Serum 441","24","3","51,25"
"442","Pro Granola 442","27","7","52,53"
"443","Select Mixer 443","23","1","53,18"
"444","Eco Cream 444","20","13","54,68"
"445","Power Cleanser 445","26","11","55,73"
"446","Essential Juice 446","46","12","56,17"
"447","Classic Serum 447","14","15","57,21"
"448","Power Bar 448","5","3","58,51"
"449","Max Snack 449","2","10","59"
"450","Pure Tablet 450","3","5","60,47"
"451","Classic Juice 451","10","6","61,47"
"452","Pro Bar 452","18","12","62,09"
"453","Prime Blend 453","4","6","63,6"
"454","Power Serum 454","20","1","64,09"
"455","Bright Snack 455","39","8","65,54"
"456","Pro Cream 456","7","3","66"
"457","Fresh Mixer 457","20","15","67,96"
"458","Smart Granola 458","1","5","68,4"
"459","Bright Crunch 459","43","4","69,63"
"460","Prime Cleanser 460","3","8","70,71"
"461","Max Widget 461","12","8","71,92"
"462","Pro Crunch 462","46","1","72,92"
"463","Prime Juice 463","30","13","73,29"
"464","Bright Widget 464","6","13","74,88"
"465","Power Widget 465","44","7","75,2"
"466","Classic Snack 466","17","14","76,72"
"467","Deluxe Blend 467","17","9","77,08"
"468","Select Crunch 468","39","14","78,19"
"469","Max Widget 469","33","2","79,1"
"470","Smart Cleanser 470","43","8","80,62"
"471","Power Mixer 471","41","1","81,98"
"472","Power Blend 472","50","10","82,72"
"473","Prime Bar 473","39","11","83,18"
"474","Essential Cream 474","27","2","84,96"
"475","Bright Granola 475","12","3","85,6"
"476","Fresh Tablet 476","25","1","86,99"
"477","Max Cleanser 477","11","14","87,22"
"478","Power Biscuit 478","6","6","88,51"
"479","Classic Snack 479","46","7","89,05"
"480","Bright Serum 480","37","3","90,78"
"481","Classic Bar 481","29","15","91,73"
"482","Essential Biscuit 482","12","3","92,66"
"483","Eco Sauce 483","27","9","93,45"
"484","Prime Serum 484","44","14","94,97"
"485","Eco Serum 485","45","13","95,85"
"486","Max Cleanser 486","3","2","96,37"
"487","Max Granola 487","21","13","97,5"
"488","Power Widget 488","42","9","98,3"
"489","Eco Crunch 489","28","5","99,56"
"490","Fresh Blend 490","11","6","100,51"
"491","Select Widget 491","18","6","101,28"
"492","Prime Cream 492","4","6","102,75"
"493","Essential Juice 493","14","4","103,87"
"494","Quick Blend 494","2","10","104,98"
"495","Select Blend 495","30","2","105,95"
"496","Essential Mixer 496","3","15","106,31"
"497","Select Snack 497","31","5","107,79"
"498","Max Blend 498","28","2","108,02"
"499","Bright Biscuit 499","47","1","109,96"
"500","Pure Serum 500","4","1","110,43"
"501","Select Granola 501","47","13","111"
"502","Power Blend 502","14","12","112,98"
"503","Fresh Widget 503","5","1","113,04"
"504","Pro Serum 504","50","15","114,93"
"505","Classic Mixer 505","33","8","115,57"
"506","Prime Mixer 506","35","5","116,82"
"507","Select Serum 507","18","4","117,41"
"508","Pure Biscuit 508","46","12","118,05"
"509","Pro Widget 509","3","15","119,76"
"510","Pro Tablet 510","27","3","120,31"
"511","Quick Blend 511","18","8","121,78"
"512","Power Cream 512","3","14","122,14"
"513","Essential Bar 513","10","5","123,37"
"514","Deluxe Cream 514","30","9","124,49"
"515","Pure Juice 515","39","13","125,67"
"516","Prime Biscuit 516","17","11","126,93"
"517","Quick Crunch 517","18","7","127,83"
"518","Select Serum 518","47","12","128,16"
"519","Smart Crunch 519","49","12","129,54"
"520","Prime Granola 520","32","8","130,66"
"521","Smart Sauce 521","12","10","131,77"
"522","Quick Juice 522","15","8","132,02"
"523","Fresh Blend 523","40","9","133,8"
"524","Pro Sauce 524","44","13","134,88"
"525","Fresh Sauce 525","3","8","135,72"
"526","Quick Juice 526","18","4","136,91"
"527","Pro Crunch 527","16","11","137,42"
"528","Eco Crunch 528","35","15","138,41"
"529","Pure Biscuit 529","15","10","139,46"
"530","Quick Blend 530","46","1","140,02"
"531","Select Widget 531","27","12","141,55"
"532","Eco Biscuit 532","40","7","142,74"
"533","Pro Mixer 533","26","12","143,32"
"534","Select Blend 534","28","10","144,61"
"535","Pure Serum 535","3","11","145,7"
"536","Deluxe Cream 536","3","12","146,22"
"537","Deluxe Widget 537","4","11","147,76"
"538","Smart Juice 538","45","6","148,85"
"539","Deluxe Snack 539","42","14","149,68"
"540","Pure Granola 540","18","6","150,74"
"541","Smart Crunch 541","39","12","151,26"
"542","Ultra Mixer 542","4","10","152,68"
"543","Max Biscuit 543","46","7","153,72"
"544","Max Cleanser 544","31","4","154,14"
"545","Select Tablet 545","34","13","155,95"
"546","Eco Cream 546","25","11","156,59"
"547","Select Tablet 547","30","4","157,56"
"548","Ultra Biscuit 548","31","11","158,68"
"549","Prime Biscuit 549","13","10","159,63"
"550","Smart Cleanser 550","20","4","160,49"
"551","Fresh Bar 551","12","15","161,18"
"552","Max Mixer 552","10","11","162,36"
"553","Prime Biscuit 553","14","2","163,28"
"554","Power Crunch 554","9","12","164,9"
"555","Fresh Bar 555","19","11","165,33"
"556","Classic Snack 556","16","12","166,22"
"557","Bright Biscuit 557","45","9","167,81"
"558","Bright Blend 558","44","3","168,53"
"559","Smart Serum 559","21","13","169,24"
"560","Classic Blend 560","21","13","170,9"
"561","Ultra Tablet 561","6","11","171,73"
"562","Pure Juice 562","45","1","172,8"
"563","Quick Serum 563","7","3","173,6"
"564","Quick Bar 564","39","2","174,61"
"565","Fresh Cleanser 565","3","8","175,7"
"566","Bright Mixer 566","39","13","176,49"
"567","Fresh Tablet 567","10","12","177,27"
"568","Essential Juice 568","9","15","178,37"
"569","Smart Blend 569","5","3","179,11"
"570","Quick Biscuit 570","6","11","180,08"
"571","Bright Bar 571","11","9","181,11"
"572","Eco Snack 572","49","11","182,07"
"573","Prime Blend 573","37","7","183,72"
"574","Quick Cleanser 574","42","2","184,5"
"575","Max Cream 575","24","12","185,18"
"576","Power Cream 576","25","7","186,33"
"577","Essential Cleanser 577","30","9","187,79"
"578","Pro Serum 578","35","9","188,99"
"579","Bright Mixer 579","20","12","189,72"
"580","Eco Biscuit 580","15","1","190,23"
"581","Quick Blend 581","12","4","191,86"
"582","Max Cleanser 582","22","9","192,43"
"583","Pure Crunch 583","11","8","193,88"
"584","Quick Granola 584","1","4","194,27"
"585","Eco Juice 585","45","9","195,74"
"586","Classic Cream 586","13","9","196,25"
"587","Ultra Biscuit 587","24","5","197,73"
"588","Select Widget 588","26","13","198,95"
"589","Pro Biscuit 589","5","15","199,26"
"590","Pro Tablet 590","6","5","200,64"
"591","Power Widget 591","10","5","201,08"
"592","Deluxe Crunch 592","14","14","202,86"
"593","Max Snack 593","8","10","203,65"
"594","Smart Mixer 594","48","8","204,35"
"595","Fresh Tablet 595","26","11","205,25"
"596","Fresh Granola 596","39","9","206,39"
"597","Select Granola 597","36","2","207,82"
"598","Smart Blend 598","40","14","208,76"
"599","Quick Mixer 599","38","15","209,64"
"600","Eco Sauce 600","46","15","10,29"
"601","Power Widget 601","47","8","11,1"
"602","Quick Bar 602","29","4","12,31"
"603","Deluxe Biscuit 603","6","2","13,92"
"604","Select Mixer 604","23","7","14,57"
"605","Essential Tablet 605","41","15","15,81"
"606","Fresh Cream 606","42","12","16,89"
"607","Ultra Mixer 607","21","11","17,57"
"608","Power Biscuit 608","27","14","18,35"
"609","Pro Juice 609","29","3","19,24"
"610","Quick Biscuit 610","25","6","20,93"
"611","Pure Granola 611","14","8","21,58"
"612","Power Tablet 612","13","14","22,52"
"613","Eco Sauce 613","24","1","23,53"
"614","Bright Granola 614","18","10","24,51"
"615","Bright Sauce 615","11","11","25,53"
"616","Power Cleanser 616","3","8","26,38"
"617","Power Biscuit 617","42","6","27,02"
"618","Prime Serum 618","7","14","28,71"
"619","Ultra Serum 619","18","14","29,77"
"620","Deluxe Juice 620","6","9","30,31"
"621","Essential Blend 621","44","12","31,44"
"622","Smart Serum 622","40","11","32,86"
"623","Bright Blend 623","42","5","33,42"
"624","Select Tablet 624","15","7","34,4"
"625","Ultra Sauce 625","7","13","35,89"
"626","Max Granola 626","17","6","36,34"
"627","Classic Crunch 627","10","11","37,7"
"628","Fresh Blend 628","10","2","38,6"
"629","Power Tablet 629","23","11","39,55"
"630","Prime Mixer 630","14","11","40,01"
"631","Classic Blend 631","5","13","41,38"
"632","Smart Tablet 632","6","4","42,84"
"633","Pro Mixer 633","37","3","43,22"
"634","Classic Bar 634","49","1","44,2"
"635","Smart Cleanser 635","7","5","45,54"
"636","Deluxe Cleanser 636","38","1","46,02"
"637","Prime Granola 637","25","6","47,86"
"638","Pure Blend 638","26","3","48,55"
"639","Deluxe Biscuit 639","11","12","49,17"
"640","Bright Tablet 640","18","15","50,96"
"641","Eco Cream 641","13","11","51,51"
"642","Smart Blend 642","27","1","52,51"
"643","Classic Bar 643","45","2","53,3"
"644","Pro Blend 644","34","11","54,22"
"645","Select Granola 645","44","7","55,12"
"646","Select Tablet 646","10","3","56,25"
"647","Smart Blend 647","44","3","57,36"
"648","Prime Sauce 648","50","11","58,45"
"649","Essential Serum 649","32","4","59,31"
"650","Quick Juice 650","50","12","60,4"
"651","Max Blend 651","43","8","61,97"
"652","Essential Biscuit 652","12","8","62,23"
"653","Select Snack 653","15","2","63,59"
"654","Power Cleanser 654","30","15","64,68"
"655","Prime Blend 655","2","1","65,04"
"656","Deluxe Tablet 656","5","1","66,54"
"657","Max Serum 657","22","2","67,2"
"658","Eco Serum 658","24","14","68,78"
"659","Select Cream 659","39","2","69,92"
"660","Smart Biscuit 660","39","4","70,37"
"661","Fresh Biscuit 661","22","11","71,98"
"662","Select Granola 662","40","1","72,4"
"663","Smart Cream 663","2","6","73,14"
"664","Quick Snack 664","16","14","74,57"
"665","Eco Tablet 665","26","12","75,04"
"666","Eco Snack 666","20","3","76,34"
"667","Quick Blend 667","20","1","77,07"
"668","Fresh Mixer 668","38","5","78,9"
"669","Deluxe Sauce 669","24","13","79,18"
"670","Fresh Cream 670","25","3","80,28"
"671","Select Granola 671","2","4","81,19"
"672","Pure Granola 672","48","7","82,59"
"673","Smart Blend 673","8","2","83,86"
"674","Power Granola 674","11","5","84,76"
"675","Quick Tablet 675","11","10","85,35"
"676","Ultra Mixer 676","34","7","86,14"
"677","Bright Snack 677","2","7","87,42"
"678","Quick Cleanser 678","48","1","88,98"
"679","Deluxe Sauce 679","31","13","89,95"
"680","Quick Granola 680","37","9","90,37"
"681","Pure Widget 681","2","12","91,15"
"682","Ultra Biscuit 682","41","1","92,57"
"683","Bright Cleanser 683","14","9","93,04"
"684","Deluxe Juice 684","6","6","94,22"
"685","Power Serum 685","27","2","95,71"
"686","Deluxe Cream 686","48","11","96,24"
"687","Classic Crunch 687","34","5","97,62"
"688","Ultra Cream 688","47","7","98,98"
"689","Bright Cleanser 689","18","15","99,42"
"690","Pro Juice 690","26","1","100,93"
"691","Smart Mixer 691","35","4","101,35"
"692","Deluxe Blend 692","35","12","102,91"
"693","Power Widget 693","19","13","103,43"
"694","Bright Serum 694","43","4","104,19"
"695","Power Mixer 695","49","9","105,64"
"696","Classic Sauce 696","18","8","106,28"
"697","Quick Mixer 697","10","6","107,42"
"698","Eco Tablet 698","1","10","108,93"
"699","Fresh Blend 699","17","12","109,34"
"700","Eco Blend 700","39","2","110,06"
"701","Fresh Mixer 701","27","2","111,79"
"702","Essential Granola 702","49","11","112,97"
"703","Deluxe Bar 703","34","5","113,8"
"704","Pure Biscuit 704","30","5","114,23"
"705","Power Biscuit 705","40","8","115,5"
"706","Bright Granola 706","43","6","116,37"
"707","Quick Juice 707","7","7","117,2"
"708","Fresh Snack 708","40","5","118,85"
"709","Prime Serum 709","30","13","119,2"
"710","Max Mixer 710","7","14","120,22"
"711","Pro Crunch 711","9","7","121,01"
"712","Ultra Mixer 712","21","10","122,08"
"713","Bright Blend 713","22","10","123,9"
"714","Power Granola 714","25","11","124,78"
"715","Prime Serum 715","30","5","125,98"
"716","Pure Cleanser 716","29","10","126,78"
"717","Power Cream 717","48","1","127,14"
"718","Prime Mixer 718","29","5","128,99"
"719","Deluxe Serum 719","32","14","129,93"
"720","Ultra Cleanser 720","35","5","130,54"
"721","Essential Biscuit 721","19","11","131,01"
"722","Essential Granola 722","22","11","132,53"
"723","Fresh Sauce 723","26","14","133"
"724","Quick Bar 724","13","7","134,75"
"725","Quick Serum 725","40","7","135,03"
"726","Bright Serum 726","37","4","136,6"
"727","Fresh Mixer 727","4","11","137,34"
"728","Prime Blend 728","46","15","138,01"
"729","Max Juice 729","8","1","139,13"
"730","Pro Granola 730","33","1","140,88"
"731","Quick Mixer 731","25","3","141,93"
"732","Pro Cleanser 732","20","1","142,86"
"733","Deluxe Widget 733","22","5","143,48"
"734","Bright Blend 734","1","7","144"
"735","Eco Tablet 735","45","14","145,01"
"736","Pure Blend 736","30","8","146,36"
"737","Max Serum 737","45","4","147,52"
"738","Classic Serum 738","48","14","148,03"
"739","Pure Serum 739","25","12","149,56"
"740","Pure Juice 740","3","1","150,93"
"741","Smart Bar 741","6","3","151,75"
"742","Quick Widget 742","16","9","152,61"
"743","Max Sauce 743","19","14","153,35"
"744","Essential Bar 744","32","11","154,68"
"745","Quick Mixer 745","17","2","155,64"
"746","Classic Bar 746","20","2","156,7"
"747","Quick Mixer 747","35","7","157,85"
"748","Ultra Crunch 748","1","7","158,92"
"749","Classic Blend 749","10","10","159,17"
"750","Deluxe Granola 750","48","12","160,53"
"751","Power Blend 751","27","6","161,99"
"752","Power Crunch 752","17","10","162,21"
"753","Fresh Tablet 753","36","9","163,36"
"754","Prime Tablet 754","28","10","164,45"
"755","Deluxe Mixer 755","31","11","165,84"
"756","Bright Cream 756","20","3","166,41"
"757","Pro Blend 757","39","9","167,18"
"758","Pure Juice 758","14","11","168,15"
"759","Prime Blend 759","2","8","169,57"
"760","Essential Bar 760","32","4","170,8"
"761","Fresh Mixer 761","34","15","171,55"
"762","Deluxe Sauce 762","37","8","172,15"
"763","Ultra Serum 763","7","1","173,69"
"764","Deluxe Mixer 764","7","7","174,17"
"765","Fresh Granola 765","11","1","175,35"
"766","Ultra Bar 766","16","1","176,22"
"767","Power Granola 767","49","1","177,21"
"768","Select Serum 768","24","10","178,13"
"769","Essential Mixer 769","44","14","179,42"
"770","Bright Juice 770","19","2","180,73"
"771","Power Crunch 771","49","5","181,84"
"772","Ultra Widget 772","8","15","182,57"
"773","Pro Blend 773","38","13","183,8"
"774","Ultra Bar 774","48","13","184,95"
"775","Power Granola 775","11","4","185,11"
"776","Pure Cream 776","23","11","186,94"
"777","Select Blend 777","11","11","187,89"
"778","Classic Sauce 778","13","6","188,11"
"779","Prime Blend 779","10","6","189,09"
"780","Prime Widget 780","6","12","190,62"
"781","Quick Granola 781","24","6","191,29"
"782","Fresh Crunch 782","42","9","192,42"
"783","Eco Snack 783","27","4","193,44"
"784","Smart Mixer 784","30","7","194,73"
"785","Eco Serum 785","29","11","195,51"
"786","Pure Tablet 786","41","10","196,3"
"787","Fresh Cleanser 787","8","3","197,99"
"788","Deluxe Tablet 788","28","15","198,38"
"789","Max Bar 789","47","14","199,37"
"790","Smart Serum 790","49","2","200,3"
"791","Eco Serum 791","26","2","201,95"
"792","Pure Granola 792","29","15","202,24"
"793","Eco Serum 793","30","4","203,24"
"794","Deluxe Blend 794","41","7","204,42"
"795","Quick Sauce 795","14","1","205,73"
"796","Classic Cleanser 796","30","10","206,14"
"797","Ultra Widget 797","33","9","207,76"
"798","Fresh Serum 798","45","6","208,26"
"799","Deluxe Serum 799","33","13","209,32"
"800","Pure Granola 800","39","12","10,03"
"801","Select Sauce 801","35","4","11,03"
"802","Smart Granola 802","12","10","12,3"
"803","Max Granola 803","14","10","13,21"
"804","Quick Serum 804","26","6","14,61"
"805","Pure Tablet 805","1","10","15,04"
"806","Ultra Juice 806","32","13","16,49"
"807","Power Cleanser 807","4","6","17,38"
"808","Max Serum 808","4","10","18,1"
"809","Pro Blend 809","6","7","19,63"
"810","Prime Tablet 810","17","14","20,57"
"811","Eco Blend 811","12","6","21,21"
"812","Quick Granola 812","27","6","22,12"
"813","Bright Tablet 813","18","14","23,54"
"814","Eco Cleanser 814","13","11","24,56"
"815","Bright Sauce 815","8","8","25,95"
"816","Bright Cleanser 816","25","11","26,14"
"817","Select Bar 817","30","14","27,68"
"818","Prime Cream 818","42","4","28,19"
"819","Pure Granola 819","8","8","29,75"
"820","Quick Crunch 820","4","3","30,06"
"821","Smart Tablet 821","13","5","31,29"
"822","Power Cream 822","8","9","32,59"
"823","Eco Blend 823","44","5","33,54"
"824","Power Juice 824","49","7","34,82"
"825","Classic Mixer 825","45","14","35,36"
"826","Pure Blend 826","23","15","36,94"
"827","Essential Tablet 827","8","1","37,99"
"828","Ultra Cleanser 828","18","10","38,67"
"829","Eco Crunch 829","33","8","39,98"
"830","Power Blend 830","3","5","40,13"
"831","Prime Blend 831","47","1","41,85"
"832","Pro Serum 832","33","1","42,63"
"833","Fresh Granola 833","35","12","43,89"
"834","Quick Cleanser 834","21","11","44,34"
"835","Max Cream 835","18","5","45,86"
"836","Fresh Blend 836","41","6","46,08"
"837","Pro Juice 837","36","12","47,47"
"838","Select Snack 838","50","1","48,7"
"839","Deluxe Juice 839","17","1","49,93"
"840","Bright Widget 840","19","5","50,51"
"841","Pure Mixer 841","4","10","51,72"
"842","Bright Biscuit 842","28","8","52,5"
"843","Ultra Tablet 843","28","13","53,78"
"844","Select Widget 844","48","10","54,12"
"845","Prime Granola 845","23","11","55,47"
"846","Pro Juice 846","40","12","56,04"
"847","Prime Sauce 847","9","2","57,04"
"848","Bright Tablet 848","37","8","58,31"
"849","Prime Juice 849","22","15","59,17"
"850","Prime Cream 850","7","9","60,82"
"851","Prime Blend 851","44","14","61,42"
"852","Pro Cream 852","9","14","62,38"
"853","Pro Serum 853","36","4","63,44"
"854","Prime Tablet 854","1","1","64,72"
"855","Classic Cleanser 855","26","12","65,47"
"856","Bright Juice 856","23","14","66,53"
"857","Power Biscuit 857","47","7","67,65"
"858","Fresh Biscuit 858","37","5","68,36"
"859","Deluxe Blend 859","42","9","69,12"
"860","Bright Snack 860","11","14","70,18"
"861","Select Crunch 861","6","1","71,23"
"862","Prime Cleanser 862","31","7","72,75"
"863","Quick Granola 863","33","11","73,1"
"864","Prime Juice 864","40","14","74,58"
"865","Deluxe Cream 865","24","13","75,17"
"866","Select Tablet 866","43","6","76,85"
"867","Prime Blend 867","39","5","77,22"
"868","Max Granola 868","49","15","78,71"
"869","Prime Juice 869","17","8","79,41"
"870","Select Snack 870","27","13","80,74"
"871","Power Crunch 871","13","1","81,72"
"872","Ultra Biscuit 872","5","12","82,65"
"873","Select Bar 873","34","1","83,09"
"874","Max Crunch 874","31","6","84,39"
"875","Select Snack 875","42","8","85,23"
"876","Classic Tablet 876","34","2","86,68"
"877","Pure Blend 877","17","6","87,13"
"878","Eco Blend 878","37","9","88,48"
"879","Select Cream 879","45","7","89,45"
"880","Bright Cream 880","40","14","90,45"
"881","Quick Juice 881","38","10","91,3"
"882","Power Snack 882","39","2","92,38"
"883","Pro Cream 883","27","13","93,5"
"884","Prime Serum 884","25","8","94,76"
"885","Pure Juice 885","49","1","95,04"
"886","Ultra Cleanser 886","2","4","96,96"
"887","Deluxe Tablet 887","33","2","97,51"
"888","Fresh Serum 888","17","13","98,54"
"889","Pro Blend 889","46","6","99,04"
"890","Eco Sauce 890","46","6","100,21"
"891","Ultra Cream 891","17","7","101,69"
"892","Smart Crunch 892","9","1","102,34"
"893","Max Crunch 893","22","10","103,73"
"894","Quick Bar 894","9","15","104,39"
"895","Ultra Biscuit 895","27","1","105,93"
"896","Ultra Snack 896","17","10","106,05"
"897","Pro Cleanser 897","38","15","107,81"
"898","Quick Snack 898","37","15","108,45"
"899","Fresh Crunch 899","49","12","109,01"
"900","Pure Bar 900","47","10","110,15"
"901","Pure Cleanser 901","45","12","111,54"
"902","Quick Cleanser 902","14","12","112,45"
"903","Pro Sauce 903","46","9","113,95"
"904","Deluxe Cleanser 904","28","14","114,5"
"905","Power Snack 905","22","5","115,74"
"906","Classic Bar 906","18","14","116,4"
"907","Pure Crunch 907","13","8","117,15"
"908","Deluxe Bar 908","17","3","118,37"
"909","Essential Cream 909","7","6","119,66"
"910","Pro Tablet 910","14","9","120,35"
"911","Eco Sauce 911","49","5","121,32"
"912","Smart Serum 912","45","4","122,1"
"913","Pro Snack 913","15","3","123,35"
"914","Pro Biscuit 914","30","1","124,03"
"915","Eco Biscuit 915","40","4","125,67"
"916","Quick Biscuit 916","16","3","126,97"
"917","Power Sauce 917","22","5","127,36"
"918","Pro Biscuit 918","7","8","128,11"
"919","Power Blend 919","25","2","129,53"
"920","Smart Mixer 920","22","1","130,66"
"921","Quick Serum 921","43","6","131,46"
"922","Eco Widget 922","44","6","132,43"
"923","Ultra Cleanser 923","26","2","133,93"
"924","Classic Crunch 924","37","13","134,3"
"925","Quick Cream 925","16","8","135,01"
"926","Max Blend 926","7","8","136,24"
"927","Max Serum 927","42","11","137,01"
"928","Smart Snack 928","27","9","138,12"
"929","Quick Blend 929","7","6","139,93"
"930","Max Juice 930","23","12","140,51"
"931","Fresh Granola 931","29","5","141,33"
"932","Prime Serum 932","38","15","142,36"
"933","Quick Cleanser 933","5","7","143,87"
"934","Max Bar 934","30","6","144,44"
"935","Ultra Juice 935","4","12","145,93"
"936","Bright Snack 936","2","9","146,35"
"937","Quick Juice 937","38","8","147"
"938","Essential Mixer 938","50","12","148,87"
"939","Ultra Juice 939","49","11","149,23"
"940","Smart Cleanser 940","19","3","150,13"
"941","Eco Serum 941","42","8","151,65"
"942","Power Widget 942","9","15","152,9"
"943","Prime Serum 943","8","13","153,21"
"944","Bright Widget 944","7","7","154,75"
"945","Fresh Crunch 945","35","1","155,43"
"946","Essential Sauce 946","44","12","156,5"
"947","Quick Crunch 947","49","7","157,1"
"948","Eco Biscuit 948","2","13","158,21"
"949","Fresh Widget 949","8","13","159,27"
"950","Eco Blend 950","14","14","160,16"
"951","Classic Blend 951","47","15","161,4"
"952","Pure Mixer 952","28","8","162,46"
"953","Power Bar 953","44","10","163,12"
"954","Ultra Granola 954","37","11","164,62"
"955","Classic Serum 955","12","10","165,55"
"956","Classic Tablet 956","11","6","166,74"
"957","Quick Widget 957","44","2","167,92"
"958","Smart Cleanser 958","36","14","168"
"959","Smart Cleanser 959","21","2","169,54"
"960","Deluxe Cream 960","42","1","170,81"
"961","Bright Serum 961","7","6","171,18"
"962","Ultra Biscuit 962","3","2","172,7"
"963","Classic Mixer 963","33","9","173,47"
"964","Deluxe Granola 964","26","3","174,58"
"965","Power Blend 965","46","5","175,29"
"966","Pro Bar 966","36","9","176,1"
"967","Classic Crunch 967","10","2","177,05"
"968","Smart Mixer 968","40","14","178,59"
"969","Fresh Juice 969","28","15","179,55"
"970","Essential Blend 970","3","9","180,58"
"971","Pure Granola 971","17","2","181,01"
"972","Quick Blend 972","32","5","182,14"
"973","Quick Serum 973","28","10","183,41"
"974","Ultra Blend 974","40","15","184,04"
"975","Prime Crunch 975","32","9","185,23"
"976","Smart Bar 976","40","10","186,53"
"977","Classic Crunch 977","43","10","187,3"
"978","Smart Tablet 978","12","1","188,21"
"979","Eco Widget 979","15","13","189,75"
"980","Power Biscuit 980","47","1","190,03"
"981","Essential Sauce 981","23","13","191,28"
"982","Select Widget 982","23","13","192,59"
"983","Eco Cleanser 983","21","1","193,74"
"984","Deluxe Mixer 984","40","12","194,36"
"985","Classic Biscuit 985","41","1","195,33"
"986","Ultra Juice 986","10","12","196,05"
"987","Power Juice 987","6","15","197,18"
"988","Quick Biscuit 988","23","2","198,2"
"989","Pure Snack 989","10","14","199,71"
"990","Max Cleanser 990","48","12","200,89"
"991","Power Snack 991","44","6","201,83"
"992","Essential Cream 992","42","5","202,94"
"993","Pure Sauce 993","8","14","203,55"
"994","Bright Cream 994","28","8","204,38"
"995","Max Snack 995","17","3","205,95"
"996","Fresh Cream 996","21","7","206,13"
"997","Fresh Serum 997","39","1","207,4"
"998","Select Cleanser 998","42","13","208,82"
"999","Fresh Tablet 999","35","15","209,87"
"1000","Fresh Juice 1000","21","5","10,4"
